ts	phase	decision	why	evidence	result
2026-08-14T18:31:50Z	frame	predicate is a named next HITL ticket on the map with evidence, factory not built	long run needs a stop check, not a vibe	playbooks/autonomous-run.md step 1	open
2026-08-14T18:31:50Z	verify	origin/main is README.md only	cannot render an episode that has no source	git ls-tree origin/main	VERIFIED
2026-08-14T18:31:50Z	verify	episode JSON and still/listen/point/idle kit are absent	research ticket closed that as a location report, re-read the findings file	https://github.com/Perk4/cairn-essays/blob/cursor/research-locate-json-kit-abc9/research/episode1-json-and-cairn-kit-locations.md	VERIFIED
2026-08-14T18:31:50Z	probe	bare npx remotion fails, local @remotion/cli 4.0.512 --help works in /tmp	need to know if this VM can even run Remotion before blaming missing JSON	/tmp/remotion-probe/node_modules/.bin/remotion --help	VERIFIED CLI help, no composition rendered
2026-08-14T18:31:50Z	next	take Episode JSON home and authorship first	every later ticket consumes the spec and the spec is not in git. Rendering empty is theater. Drive shot list is VO-era, wrong grammar.	https://github.com/Perk4/cairn-essays/issues/16	recommended, not grilled
2026-08-14T18:37:50Z	verify	origin/main is 07ce744 Remotion factory, not README-only	prior JSON-home-first row used a stale tree. PR 17 merged at 18:22. The 18:31 map comment did not fetch.	https://github.com/Perk4/cairn-essays/commit/07ce744	VERIFIED, prior next-step superseded
2026-08-14T18:37:50Z	probe	rendered five stills from origin/main compositions	prove the factory draws, not that npm help works	/tmp/cairn-stills/*.png	VERIFIED 1920x1080 and 1080x1920 pngs
2026-08-14T18:37:50Z	bug	idle.gif on live caption scenes ignores JSON pose	rule Short should point and does not. CairnSlot uses idle whenever the gif exists.	src/cairn/CairnSlot.tsx	VERIFIED
2026-08-14T18:37:50Z	next	take What done means for episode 1 this week first	factory and ep01.json already live on main. Remaining fork is whether 120s muted generated-kit is the ship. JSON home is de facto answered by the merge.	https://github.com/Perk4/cairn-essays/issues/7	recommended, not grilled
2026-08-14T18:39:54Z	verify	second opinion overrides JSON-home-first, same as this run	independent check of origin/main and HITL tickets, not this thread's self-report	https://github.com/Perk4/cairn-essays/commit/07ce744e1b68c8419c58b898fd18b92745e9c62c	AGREE take issue 7
2026-08-14T18:39:55Z	wake	issue 7 still unanswered, main still 07ce744	heartbeat found only the grill prompt, no Perk answer	https://github.com/Perk4/cairn-essays/issues/7#issuecomment-5296889887	WAITING_ON_HITL
2026-08-14T18:43:03Z	audit	120s is composition metadata, not a rendered mp4	compositions listed ep01 as 3600 frames. No out/ep01.mp4 was encoded this run.	remotion compositions src/index.ts on 07ce744	INCONCLUSIVE for encode claim
2026-08-14T18:43:03Z	audit	durable stills pointer is PR 23, not /tmp	cross-model review caught disposable evidence paths	https://github.com/Perk4/cairn-essays/pull/23	logged
2026-08-14T18:43:03Z	audit	issue 16 still needs authorship and schema HITL	PR 17 put a file at episodes/ep01.json. That is not a grilled lock of who writes JSON or which fields stay.	https://github.com/Perk4/cairn-essays/issues/16	open
2026-08-14T18:43:03Z	audit	kit script hardcodes /workspace and JSON palette is unused at render	make-cairn-kit.py OUT path. Scenes import src/palette.ts, not episode.palette.	scripts/make-cairn-kit.py src/palette.ts	VERIFIED
